{"train_loss": [0.021207818807751844, 0.021207818807751844, 0.004012708031393663, 0.004012708031393663, 0.004058778383110584, 0.004058778383110584], "val_loss": [0.003703635025909396, 0.003703635025909396, 0.0035191695871635044, 0.0035191695871635044, 0.0035993556756457024, 0.0035993556756457024], "data_loss": [0.019632035656596977, 0.019632035656596977, 0.009936429083238992, 0.010700155966585934, 0.010700155966585934, 0.01018894936660717, 0.010767346883023327, 0.010767346883023327, 0.01098371252510847], "physics_loss": [0.021883154349164057, 0.021883154349164057, 0.0010324374411325836, 0.0011466587462810555, 0.0011466587462810555, 0.0006606923899126596, 0.0011836774259243593, 0.0011836774259243593, 0.00043463113106319284], "learning_rate": [0.001, 0.001, 0.001, 0.001]}